term	estimate	std.error	statistic	p.value	conf.low	conf.high
A	0.09384032574029624	0.002136659776160039	43.9191708419504	0	0.08965254953180715	0.09802810194878533
phase	0.953521875787673	0.042882571495381584	22.235650581037717	4.667022341979261e-109	0.8694735800922612	1.0375701714830847
intercept1	0.7371739255122344	0.033534005675015896	21.982877102613987	1.201822657883692e-106	0.6714484821318415	0.8028993688926273
intercept2	0.14390106611286363	0.03541021440838574	4.063829279689011	4.834059224664967e-5	0.0744983211875863	0.21330381103814094
intercept3	-0.06298015110569492	0.03552305454144197	-1.772937375985528	0.07624457431371984	-0.1326040586277732	0.006643756416383331
intercept4	0.32873597646374497	0.03604913399429169	9.11910883950221	7.819975015536253e-20	0.25808097216107473	0.3993909807664152
intercept5	0.07551406265763905	0.03528916735174004	2.139865242638421	0.032370010951313775	0.006348565603821854	0.14467955971145624
intercept6	-0.030814394945061118	0.03510325225367186	-0.8778216537425781	0.3800443157114982	-0.09961550510248245	0.0379867152123602
intercept7	-0.45088653188017275	0.03989384399930308	-11.30215809456841	1.3795137630342116e-29	-0.5290770293236662	-0.37269603443667937
intercept8	-1.0944027789172925	0.04213025246986035	-25.97664895790073	7.01402303447102e-148	-1.1769765564177985	-1.0118290014167866
intercept9	-0.9578396104647221	0.03644896372565831	-26.27892572403778	2.8363670759345398e-151	-1.0292782666408193	-0.886400954288625
intercept10	0.023673970014349722	0.0346864843357975	0.6825128134971428	0.4949175950904683	-0.04431029003412609	0.09165823006282553
intercept11	0.6120506303026316	0.0390128816923147	15.688424021832818	2.3886041573188995e-55	0.5355867872525728	0.6885144733526904
intercept12	-0.27798817775172674	0.03666234627738414	-7.58238918067306	3.445171840613209e-14	-0.34984505604413574	-0.2061312994593177
intercept13	0.9289807724034861	0.03827988627114977	24.268117356023257	2.0229009415958938e-129	0.8539535739797433	1.004007970827229
intercept14	1.2305809428337409	0.03905548923744751	31.508527145880045	5.414043224734687e-216	1.154033590529752	1.3071282951377297
intercept15	2.1084641279217005	0.038666388945553125	54.529636343612765	0	2.0326793981761986	2.1842488576672023
intercept16	1.1959481801555494	0.04157146160947078	28.76849006153513	1.1410684498650197e-180	1.1144696126162972	1.2774267476948016
intercept17	-0.21350772133039653	0.0365335790943744	-5.84415013866718	5.1200107801707145e-9	-0.2851122205817158	-0.14190322207907727
intercept18	1.203887293988747	0.0377141342572519	31.921382200554067	1.3893378584212672e-221	1.129968949136425	1.277805638841069
intercept19	-0.1316851252030211	0.034819094299184256	-3.781980199470789	1.5574897193676906e-4	-0.1999292960037261	-0.06344095440231605
intercept20	-1.1010135562388	0.036651162956197324	-30.040344355638794	1.113240233093965e-196	-1.1728485156244552	-1.0291785968531446
intercept21	-1.9970061928802	0.04189667580584305	-47.66502722399019	0	-2.0791221685316033	-1.9148902172287972
intercept22	0.1887119605243243	0.043573344042153246	4.3309037824079475	1.4875899271639031e-5	0.103309775515731	0.2741141455329176
intercept23	-0.9674484990923818	0.0386853101432747	-25.008161896837457	2.8858341178662975e-137	-1.0432703137039623	-0.8916266844808014
intercept24	1.0153355875463217	0.03326001117322265	30.52721727176567	5.502495389198646e-203	0.9501471635214055	1.0805240115712378
intercept25	2.7037326828206365	0.03444728103010046	78.48900122067926	0	2.63621725263631	2.771248113004963
intercept26	0.9107022270371371	0.03129936076283127	29.09651203223989	9.820088162269516e-185	0.8493566072028618	0.9720478468714124
intercept27	0.9621436736708735	0.03407375043628231	28.23709340332453	3.5335257584622758e-174	0.8953603499975542	1.0289269973441928
intercept28	1.820288513356269	0.03387453435268488	53.736192929010514	0	1.7538956460319417	1.8866813806805962
intercept29	1.9259592704038513	0.034472543967973376	55.869368741487676	0	1.85839432577115	1.9935242150365526
intercept30	1.9432332054164452	0.03223036686574537	60.29199771479255	0	1.8800628471510712	2.006403563681819
intercept31	1.9137655658299286	0.035259725932662495	54.276246204657284	0	1.8446577728971572	1.9828733587627
intercept32	1.846733101209078	0.03402058513316691	54.28281418383615	0	1.780053979615092	1.9134122228030639
intercept33	2.820140163197675	0.03326586317622564	84.7757999922625	0	2.7549402694576353	2.8853400569377143
intercept34	0.7344153189253579	0.03643741168514411	20.15552930245005	5.065932683021713e-90	0.6629993043326166	0.8058313335180993
intercept35	2.22874387241327	0.03922100551536909	56.825260931668815	0	2.1518721141657	2.3056156306608404
intercept36	0.6226713388738744	0.037308096833241614	16.689978630029515	2.202678128587786e-62	0.549548812748988	0.6957938649987607
intercept37	1.645188688072181	0.038648541968275586	42.56793670050021	0	1.5694389377593763	1.720938438384986
intercept38	1.9377169374201795	0.03722958721306426	52.047768521597085	0	1.8647482873232806	2.010685587517078
intercept39	1.947152127753211	0.03814331211730659	51.048323275254816	0	1.8723926097522199	2.021911645754202
intercept40	1.9609500168555865	0.03894743304262208	50.34863311041893	0	1.884614450801762	2.037285582909411
intercept41	1.9501639100473287	0.039594755090015636	49.253086819549225	0	1.8725596160942142	2.027768204000443
intercept42	1.8895733213408428	0.03749490416880567	50.39547008398265	0	1.816084659566203	1.9630619831154825
intercept43	1.9630835474956496	0.03592072069165431	54.65044992685086	0	1.8926802286412845	2.0334868663500147
intercept44	0.6731179447432679	0.044577543245632165	15.09993363775654	2.0521194095564663e-51	0.5857475654625521	0.7604883240239837
intercept45	0.1901685851703227	0.047428238139895336	4.009606779180737	6.0899511751014125e-5	0.0972109465659389	0.28312622377470653
intercept46	0.249219228330414	0.05375324088504626	4.636357254502674	3.554100890344026e-6	0.1438648121434174	0.3545736445174106
intercept47	-0.23584958117059965	0.04841343952120175	-4.871572511746739	1.1101837642919229e-6	-0.33073817899986313	-0.14096098334133617
intercept48	-0.9350395811791736	0.04154234203286441	-22.50810944745142	1.0972351289051866e-111	-1.0164610753970322	-0.8536180869613149
intercept49	-1.5153358265530001	0.05093437724890796	-29.750748088031038	5.636733691060893e-193	-1.615165371535836	-1.4155062815701642
intercept50	-0.10676208797548958	0.04986131002809462	-2.141180966070364	0.032263794384709235	-0.20448845985254085	-0.009035716098438312
intercept51	0.6422978969326321	0.05145060408869422	12.48377756314373	1.0225620072354683e-35	0.5414565659359621	0.743139227929302
intercept52	0.2267305971739283	0.04497899075539997	5.040811129064919	4.6501904463683795e-7	0.13857339523238432	0.31488779911547227
intercept53	0.3248763148171052	0.04931588984303211	6.587659998656747	4.507959865276103e-11	0.22821894685921765	0.4215336827749928
intercept54	-1.013407997278196	0.03633706736534077	-27.889097022860202	5.436913680662127e-170	-1.0846273406180695	-0.9421886539383223
intercept55	-0.053322249712560846	0.03958621706125412	-1.3469902827555393	0.17798886832527155	-0.13090980943680391	0.024265310011682237
intercept56	-0.05849984287123579	0.04091110318113896	-1.4299258226359848	0.15274394533371657	-0.13868413167407018	0.0216844459315986
intercept57	0.16762647639030107	0.03539011594860067	4.736533687365018	2.179418692630047e-6	0.0982631237223472	0.23698982905825494
intercept58	-0.21349167478592657	0.029781941670328754	-7.168494154920219	7.677023853848977e-13	-0.27186320784944357	-0.15512014172240957
intercept59	2.9135903454552654	0.030832143120737517	94.49846979646387	0	2.8531604553724357	2.974020235538095
intercept60	0.9369307772179752	0.032819017665062435	28.548410155962323	5.751232391463205e-178	0.8726066845864691	1.0012548698494814
intercept61	0.9183493405860857	0.031900071023994996	28.78831648667209	6.499327519556599e-181	0.8558263502747858	0.9808723308973857
intercept62	1.754071418331217	0.030535685559366258	57.44332855802505	0	1.6942225743916193	1.8139202622708146
intercept63	2.3980346000370387	0.033378013820597185	71.8447362663994	0	2.332614895073188	2.4634543050008895
intercept64	1.7872094673809797	0.03082335331397424	57.98231779573188	0	1.7267968050028368	1.8476221297591227
intercept65	2.9970049485353	0.030101179564829165	99.56436896702421	0	2.9380077206960618	3.0560021763745384
intercept66	1.9019991224148403	0.03175744530306238	59.89143976362071	0	1.8397556733798373	1.9642425714498433
intercept67	2.891872425439578	0.029644847567865788	97.55059184633114	0	2.8337695918793813	2.9499752589997748
intercept68	0.22877530518906988	0.0683258141455062	3.348299731955941	8.13631332532915e-4	0.09485917024950039	0.3626914401286394
intercept69	2.1874044467384572	0.0725612882315349	30.14561207566624	4.9140959713471745e-198	2.045186935132819	2.3296219583440956
intercept70	0.9878818267298276	0.08384823832412028	11.781783928615322	5.291365493729206e-32	0.8235422994474209	1.1522213540122344
intercept71	0.3773980336273257	0.10794534526734549	3.496195530179033	4.723115902760306e-4	0.16582904460458742	0.5889670226500641
intercept72	-1.1204839174839196	0.07014101771567723	-15.974731390780493	2.574672266834022e-57	-1.2579577860456328	-0.9830100489222064
intercept73	-0.08424837786795737	0.09812730885172814	-0.858561993127295	0.3905859265242926	-0.2765743691171829	0.10807761338126819
intercept74	-0.12156751472417025	0.08178476723490882	-1.4864322395757905	0.13717051442794637	-0.28186271298858295	0.03872768354024246
intercept75	0.8395863192392418	0.08523799159545609	9.849907342068333	7.164097736486813e-23	0.6725229255976201	1.0066497128808636
intercept76	2.1730662757331847	0.08085682207059704	26.875484592207386	4.406793921020841e-158	2.014589816570451	2.331542734895918
intercept77	1.189551025747878	0.08144679688899598	14.605252400154175	3.196861251985036e-48	1.029918237189297	1.3491838143064592
intercept78	0.08430291589675581	0.030689594244117487	2.746954398490127	0.006017091392839147	0.02415241647813781	0.1444534153153738
intercept79	-0.05800456910585159	0.029673738792077586	-1.9547442104376103	0.050618287700077945	-0.11616402842497273	1.548902132695526e-4
intercept80	0.944767965733331	0.02884307129117564	32.75545645592801	4.31205263089782e-233	0.8882365847991056	1.0012993466675564
intercept81	1.096071796589585	0.0313764926616531	34.932897325683356	1.7828361394802557e-264	1.0345750010115595	1.1575685921676104
intercept82	0.9337718455832313	0.02998726216314889	31.138949614771306	4.7724228006448065e-211	0.8749978917484988	0.9925457994179638
intercept83	1.771326957602272	0.029762873774348407	59.51464804883585	0	1.7129927969281376	1.8296611182764067
intercept84	1.2884752083132884	0.02885894773998996	44.647338493490636	0	1.2319127101111846	1.3450377065153922
intercept85	1.205348847417507	0.02922545495232467	41.24311663869001	0	1.1480680082791528	1.262629686555861
intercept86	0.381264699513617	0.03198074285477552	11.921696167125921	1.0004508667808755e-32	0.3185835953194204	0.44394580370781367
intercept87	0.9861951107249468	0.0315279875662527	31.279989204910816	6.282864204791303e-213	0.9244013905900649	1.0479888308598286
intercept88	0.9532620843308538	0.03308954524516152	28.80855802846802	3.657117479898015e-181	0.8884077673855286	1.018116401276179
intercept89	2.9320879977501284	0.035479911556619885	82.6407921866157	0	2.862548648924487	3.00162734657577
intercept90	3.722442935599321	0.03574757097087477	104.13135311017834	0	3.652378983961617	3.792506887237025
intercept91	3.172444080722069	0.034662145359346495	91.52474689125476	0	3.1045075241908577	3.2403806372532804
intercept92	1.7408849792000822	0.03421942547815145	50.874173218121655	0	1.673816137691253	1.8079538207089114
intercept93	0.9223047842239929	0.037231821881719564	24.77194876882549	9.760843979330822e-135	0.8493317542570122	0.9952778141909735
intercept94	0.9471831608034473	0.03760677522989066	25.186503097202714	3.429369338354061e-139	0.8734752357781687	1.0208910858287261
intercept95	0.6459977476037024	0.03582755972823484	18.030749303157453	1.8021010282191916e-72	0.5757770208824045	0.7162184743250004
intercept96	-0.24696646122923002	0.040795881480444905	-6.053710626343762	1.4245283079496829e-9	-0.3269249196484666	-0.16700800280999345
intercept97	0.1381711093865427	0.03128419955039134	4.41664199091884	1.0043553170691572e-5	0.07685520498261153	0.19948701379047387
intercept98	-0.1086682852571206	0.03227879049506672	-3.366553814143958	7.616541550241188e-4	-0.17193355209196517	-0.04540301842227604
intercept99	0.10067847011485791	0.03183455038299239	3.1625535433553784	0.0015647626652923474	0.03828389790016705	0.16307304232954878
intercept100	-0.20337546727048927	0.032697612630559265	-6.219887352889308	5.01052538219519e-10	-0.26746161040682737	-0.13928932413415115
intercept101	-0.09273097782782544	0.03293985079584982	-2.815160833682612	0.0048770019517895965	-0.15729189904381413	-0.02817005661183676
intercept102	0.8051845705000067	0.03284862094594001	24.511974850485316	5.572701904470804e-132	0.7408024565041562	0.8695666844958572
intercept103	-0.07065902623456648	0.03464893961772002	-2.0392839438708346	0.04142642927339564	-0.13856969998780072	-0.0027483524813322335
intercept104	0.15052027159636838	0.031266411940897715	4.8141204011798315	1.4823858769917561e-6	0.08923923026641578	0.21180131292632098
intercept105	-0.21562718191214422	0.03131622042508868	-6.885479121848199	5.82044221805298e-12	-0.27700584607723566	-0.1542485177470528
intercept106	-0.1472848913741429	0.03194471371579858	-4.610618604520525	4.023670962379331e-6	-0.2098953797535508	-0.08467440299473503
intercept107	0.4447590619305457	0.0316122732512155	14.069189469423701	7.018607818281957e-45	0.38280014488872444	0.506717978972367
intercept108	1.939481847073525	0.030817811824948697	62.933794848581975	0	1.8790800458142929	1.999883648332757
intercept109	0.9774333615307853	0.029549523426134025	33.0778045870726	1.2904154435483557e-237	0.91951735985524	1.0353493632063306
intercept110	0.936130721601878	0.030750353656638703	30.442925374283508	6.907498468325353e-202	0.8758611359229966	0.9964003072807595
intercept111	0.9338315486086615	0.029174138866848644	32.00888132022293	8.890753689383152e-223	0.876651287149668	0.9910118100676549
intercept112	1.1458230715328224	0.030195198703347737	37.94719428045311	4.2695325375233e-311	1.0866415695682303	1.2050045734974144
intercept113	1.959878527558708	0.029573135232234805	66.27226069092717	0	1.9019162475935953	2.017840807523821
intercept114	2.0993140421191336	0.030840132837067772	68.07084953914008	0	2.0388684924800495	2.1597595917582177
intercept115	0.9618694799228521	0.03025094723401439	31.79634252382414	6.973283281494174e-220	0.9025787128459624	1.0211602469997418
intercept116	0.9383408872083381	0.0299877977584117	31.290756819417645	4.510752817449971e-213	0.8795658836261802	0.997115890790496
intercept117	2.522217041317222	0.044572393748065736	56.586977481474754	0	2.4348567548662747	2.6095773277681693
intercept118	0.7258074163996204	0.04841770511820046	14.990537338102497	1.0646718560094615e-50	0.6309104581538669	0.8207043746453739
intercept119	2.3064200379283535	0.04755677097509794	48.49824726611611	0	2.2132104795961416	2.3996295962605654
intercept120	0.2015550969869679	0.032358615347158365	6.228792388814865	4.7340810386876e-10	0.1381333763169525	0.26497681765698333
intercept121	0.9428978034562143	0.0288260646492606	32.70990386405035	1.8644737011517792e-232	0.8863997549276403	0.9993958519847883
intercept122	-1.076565817582981	0.031645655510615156	-34.019387502396974	4.497842400305939e-251	-1.1385901626509483	-1.014541472515014
intercept123	-1.4070632386802744	0.03287275877944824	-42.803320771482014	0	-1.4714926619604658	-1.342633815400083
intercept124	-0.9835682631791287	0.03069722414356666	-32.04095127882301	3.24024222523218e-223	-1.0437337169258727	-0.9234028094323846
intercept125	-0.17869226767776974	0.02934597289924886	-6.08915806919264	1.1424934509142576e-9	-0.23620931765158598	-0.12117521770395351
intercept126	0.1471113078457572	0.030162398042471665	4.877308085338898	1.0784087449617088e-6	0.08799409399515133	0.20622852169636308
intercept127	-1.0586371909752834	0.031386652148320184	-33.72889806700655	6.973921064266954e-247	-1.1201538987812776	-0.9971204831692891
intercept128	-1.0715274393302807	0.028995148550895602	-36.95540436529971	2.370324782913179e-295	-1.1283568862164248	-1.0146979924441366
intercept129	0.3801244701910908	0.032807733141513466	11.58642898463771	5.242897165702811e-31	0.3158224948193233	0.4444264455628583
intercept130	0.07260667668162965	0.029459680539939904	2.464611813532509	0.013719185666473248	0.014866763827291962	0.13034658953596734
intercept131	-0.058977332986811494	0.02953413193311711	-1.9969211595712837	0.04583862829405436	-0.11686316789037535	-0.0010914980832476481
intercept132	1.016325096555268	0.030980555624117227	32.80525723573841	8.680382498798902e-234	0.9556043233109583	1.0770458697995775
intercept133	0.39786659416860737	0.028865903225336224	13.78327194762405	3.786791108453907e-43	0.3412904634657298	0.45444272487148496
intercept134	-0.22447308346923384	0.028923297495325316	-7.760978273847025	8.571210693031748e-15	-0.281161704874209	-0.16778446206425868
intercept135	-0.7183375207174516	0.028643957378203775	-25.078152129358376	5.085917357098609e-138	-0.7744786455534314	-0.6621963958814718
intercept136	0.48711502391748634	0.030941136622116647	15.743281504703926	1.0089938709316554e-55	0.42647151049740445	0.5477585373375683
intercept137	-0.028680519507347554	0.030136286779748764	-0.9516938737993604	0.34125640635976384	-0.08774655622342568	0.030385517208730575
intercept138	0.036711565226141	0.029683374874048127	1.2367719432818791	0.21617700021700353	-0.021466780466594476	0.09488991091887648
intercept139	-0.055570291451840954	0.028886978927591667	-1.9237141963212523	0.054395531964082824	-0.11218772977208807	0.0010471468684061722
intercept140	0.8727614677185639	0.047528924699902865	18.362743807674395	4.3637546413306285e-75	0.7796064870828381	0.9659164483542897
intercept141	0.8166649488792936	0.05810959693753796	14.05387391960621	8.70793030383311e-45	0.7027722317255802	0.930557666033007
intercept142	-0.014014716953915773	0.056856572663512094	-0.24649246863432145	0.8053019464383278	-0.12545155165878402	0.09742211775095247
intercept143	0.8282665441621987	0.055166494082068494	15.013942030284309	7.493293869319705e-51	0.7201422026080024	0.936390885716395
intercept144	0.9636615288424482	0.05193426746322245	18.555408132498847	1.2597651433725411e-76	0.8618722350510618	1.0654508226338344
intercept145	0.511496015292157	0.05201469432364071	9.833682999453517	8.415653768572432e-23	0.40954908775096127	0.6134429428333528
intercept146	0.2453349215960016	0.05631170279678766	4.356730651199503	1.322564055264632e-5	0.13496601220617438	0.3557038309858288
intercept147	-1.0468870600381412	0.044276986091475054	-23.644045190323048	5.5391037683609026e-123	-1.1336683581214133	-0.9601057619548693
intercept148	-1.2419270238653053	0.051934666874738265	-23.913256762784698	9.694575011592661e-126	-1.3437171004888777	-1.1401369472417329
intercept149	-0.057945492500117435	0.05663245531740405	-1.0231852420198682	0.30622473408214146	-0.16894306527830322	0.05305208027806836
intercept150	0.26743589346813346	0.03511554937979522	7.615882370959308	2.660348957203932e-14	0.198610681386397	0.3362611055498699
intercept151	0.9377095458617775	0.03219360541237988	29.12719882878313	4.069403044060848e-185	0.8746112387210192	1.0008078530025357
intercept152	-0.07334326823964835	0.039253375169863845	-1.8684576274591662	0.06170358126466145	-0.15027846984422027	0.003591933364923597
intercept153	-0.5256673024347333	0.034470110589547874	-15.249945342331673	2.1058014515900746e-52	-0.5932274777333598	-0.4581071271361067
intercept154	-1.0994043595035534	0.032943267966814294	-33.37265630753599	8.618929631391508e-242	-1.1639719782515614	-1.0348367407555454
intercept155	-0.11215208197562168	0.03550653408701297	-3.1586322027596303	0.0015859644415448571	-0.18174361000201086	-0.0425605539492325
intercept156	0.3541717366764047	0.0329626096366062	10.74465100248264	6.675279581911533e-27	0.28956620895220364	0.4187772644006058
intercept157	0.8533100705202733	0.0319327586000939	26.722090665783075	2.564618779007074e-156	0.7907230137370775	0.9158971273034691
intercept158	0.9363151808765376	0.03601966520322159	25.99455535174696	4.4261216801229725e-148	0.8657179343430328	1.0069124274100425
intercept159	0.9489258165889473	0.036280344164520806	26.155369758507383	6.98800143349646e-150	0.8778176486797686	1.0200339844981259
intercept160	-0.010322403711422132	0.030643372340048245	-0.3368559960331664	0.7362267337635384	-0.07038230986276756	0.049737502439923295
intercept161	0.3493291331439297	0.028884893649409236	12.093834839204067	1.2551951776805138e-33	0.2927157818938179	0.4059424843940415
intercept162	0.006883348000062014	0.031095440092343555	0.22136197396211993	0.8248114136691226	-0.05406259466435419	0.06782929066447822
intercept163	0.1414315468135821	0.02937440609714739	4.814788300598759	1.4774386597500352e-6	0.08385876879591947	0.19900432483124475
intercept164	-1.0592294046271704	0.0296327841499187	-35.74518679271912	1.1204643702736872e-276	-1.1173085943226604	-1.0011502149316804
intercept165	-1.0444257943685231	0.029688744635061035	-35.17918346520804	3.8004245613882787e-268	-1.1026146645994495	-0.9862369241375968
intercept166	-0.8896269576275656	0.029329455379211326	-30.332201744807435	1.8974464852140882e-200	-0.9471116338569944	-0.8321422813981368
intercept167	0.36722982567621826	0.05877898858146088	6.247637711004166	4.1972454682479156e-10	0.25202512500886387	0.48243452634357264
intercept168	0.9507250411350302	0.06025983089512096	15.777094409536542	5.923331532189143e-56	0.8326179428661191	1.0688321394039413
intercept169	0.917570739841112	0.07013046848925555	13.08376743528656	4.6591279344532305e-39	0.78011754738325	1.055023932298974
intercept170	1.597992657778477	0.06314872695978514	25.30522363176257	1.7633080898696298e-140	1.4742234272677448	1.7217618882892094
intercept171	2.958825261580526	0.05687023619329657	52.02765909963444	0	2.8473616468493788	3.0702888763116736
intercept172	1.1559975829632412	0.05571536304185183	20.74827336393533	2.929676372738331e-95	1.0467974780156377	1.2651976879108446
intercept173	1.8328802526164842	0.0346600287317916	52.88167147234045	0	1.7649478445990492	1.9008126606339193
intercept174	0.1841359699131343	0.03379631308167211	5.448404074969706	5.1039566773893525e-8	0.1178964134628171	0.2503755263634515
intercept175	-0.7848293812862669	0.03718988894083571	-21.10329994625229	1.8128611904272084e-98	-0.8577202241993493	-0.7119385383731844
intercept176	-1.7874757736471725	0.03453507810243456	-51.75826643117289	0	-1.8551632829312221	-1.7197882643631228
intercept177	-0.2673352257337518	0.0384100376669249	-6.960035500406595	3.4395286054945654e-12	-0.3426175162057514	-0.19205293526175213
intercept178	0.5749270537053515	0.03544629569363008	16.219665340338214	5.010101209138391e-59	0.5054535907604794	0.6444005166502236
intercept179	1.2292475453310099	0.03631365809709635	33.850832159189736	1.2265937355252688e-248	1.1580740833137997	1.30042100734822
intercept180	0.3632142809601605	0.03457258681919275	10.50584623186265	8.585523415886566e-26	0.29545325594215854	0.43097530597816247
intercept181	-0.07461811044697929	0.047884177118958565	-1.5583041191583111	0.1191668813203255	-0.16846937302947498	0.019233152135516407
intercept182	-0.07661075594286132	0.04276297751543878	-1.7915206188624826	0.07321524134043401	-0.16042465174481743	0.007203139859094793
intercept183	0.8284546250824191	0.047521542376095134	17.433243612462345	7.008407531950695e-68	0.7353141135354786	0.9215951366293595
intercept184	0.7712483565719108	0.041729059460107354	18.482284684830198	4.858176239016702e-76	0.68946090292137	0.8530358102224517
intercept185	1.7743557412629283	0.046941559356952704	37.79925007966573	1.0093992741810047e-308	1.682351975545152	1.8663595069807046
intercept186	0.1578456195479238	0.06233620767042357	2.5321659023992287	0.011338770720333227	0.035668897581084186	0.28002234151476346
intercept187	1.0648796105024612	0.03823592754571926	27.850236122274502	1.5841907734480402e-169	0.9899385695973685	1.139820651407554
intercept188	1.102501123993801	0.03476950509998039	31.708852939480657	1.0703835189287467e-218	1.0343541462375576	1.1706481017500443
intercept189	0.98060538100997785	0.03795857816797796	25.83356459429298	2.746878230363531e-146	0.9062079348963927	1.055002827123563
intercept190	-0.2452589819378963	0.03450765069259674	-7.10737987128501	1.1968859352076889e-12	-0.31289273448647453	-0.17762522938931807
intercept191	1.945370227324577	0.04826979095903471	40.30202303912111	0	1.8507631755035918	2.039977279145562
intercept192	0.4417621974770241	0.08295890665854118	5.325072560265495	1.0130475336474223e-7	0.2791657282294634	0.6043586667245848
intercept193	-1.9718282669473515	0.08362543474230819	-23.579288682008542	2.5237315679387155e-122	-2.13573110723378	-1.8079254266609228
intercept194	-0.8402494905068791	0.07941130905124706	-10.580980222409316	3.8671002643185896e-26	-0.9958927962125029	-0.6846061848012553
intercept195	-0.9470324812505574	0.0834504546883936	-11.348440038904569	8.144586309545308e-30	-1.1105923669333004	-0.7834725955678142
intercept196	-2.0118398488017832	0.07892998624866922	-25.488916752924222	1.7395460935310926e-142	-2.1665397791494168	-1.85713991845415
intercept197	-2.0750781676440466	0.07902847841282948	-26.257346836468745	4.968915592294182e-151	-2.2299711390861936	-1.9201851962018996
intercept198	-2.0801785531726154	0.08235662267771063	-25.258181862472178	5.724559499585768e-140	-2.2415945675092828	-1.918762538835948
intercept199	-1.6594261156227894	0.08854902696769242	-18.74019593945668	4.062905739352415e-78	-1.8329790193455324	-1.4858732119000464
intercept200	-1.6118543837627455	0.08045420890824499	-20.034432078016017	5.707352921903455e-89	-1.7695417356275671	-1.4541670318979238
intercept201	-1.689942314161275	0.08746906426253372	-19.32045722004072	6.77892469421195e-83	-1.8613785298772607	-1.5185060984452894
intercept202	4.784464751088967	0.054077519519895804	88.47419026548918	0	4.67847476045671	4.890454741721224
intercept203	2.114149673180662	0.05519989723025918	38.29988422554054	8.634244e-317	2.005959862659042	2.2223394837022825
intercept204	1.9250621170475721	0.04368150482065109	44.070416643189226	0	1.8394479408085833	2.010676293286561
intercept205	2.6793639214692098	0.04952506799642834	54.10116593201731	0	2.582296571864313	2.7764312710741064
intercept206	2.557606772660951	0.04430624832202424	57.725645242447385	0	2.4707681216596953	2.644445423662207
intercept207	3.207867912986109	0.04689841831836184	68.40034329537619	0	3.1159487021502263	3.299787123821992
intercept208	3.9027933765805365	0.046350617928480414	84.20153928913301	0	3.8119478347795384	3.9936389183815346
intercept209	-0.005026044806482984	0.029897533646493165	-0.16810901079368848	0.8664981338977934	-0.06362413398018404	0.053572044367218075
intercept210	2.9299202834474367	0.03288883059249823	89.0855719301779	0	2.865459359992501	2.9943812069023723
intercept211	-0.07182732980270194	0.03177247694039148	-2.2606776908661415	0.02378308348497233	-0.1341002403054986	-0.009554419299905283
intercept212	0.6598396286494475	0.030300872618472037	21.776258293208215	1.0725279610402952e-104	0.6004510096171064	0.7192282476817885
intercept213	1.9431770143125404	0.030930426445151833	62.82412619684791	0	1.8825544924535775	2.003799536171503
intercept214	1.9581741397227996	0.031044737735308997	63.075879603764655	0	1.8973275718521025	2.019020707593497
intercept215	1.7729482458608712	0.032630818567427035	54.33355103235676	0	1.7089930166826532	1.8369034750390891
intercept216	2.8034438574457656	0.029038088277330985	96.54367844987632	0	2.7465302502423024	2.860357464649229
intercept217	3.2541397675816555	0.0328492682882773	99.0627778684172	0	3.1897563848181383	3.3185231503451726
intercept218	2.733484890809435	0.030318671321359767	90.15846577958946	0	2.6740613869604624	2.7929083946584075
intercept219	0.9687480954020155	0.035489224367742225	27.296964435282355	5.548792883351145e-163	0.8991904938019795	1.0383056970020514
intercept220	1.8598525818679923	0.03465293076321583	53.6708596042396	0	1.7919340856133292	1.9277710781226554
intercept221	1.0805335596324472	0.030541458464844247	35.37923903916478	3.798117406598756e-271	1.0206734010060265	1.140393718258868
intercept222	-1.057209690016848	0.028831052440324124	-36.669132776374035	7.008403211140033e-291	-1.1137175144362688	-1.0007018655974271
intercept223	0.18502977186045289	0.030401417753606188	6.086221812418759	1.1636191627941127e-9	0.1254440879844282	0.24461545573647758
intercept224	-0.8203603435918189	0.029799385081868898	-27.529438655798234	1.0230390232843757e-165	-0.878766065113722	-0.7619546220699157
intercept225	-1.798933346540184	0.032186091692470754	-55.8916367892224	0	-1.8620169270605305	-1.7358497660198375
intercept226	-2.218738296292236	0.03139601993797737	-70.66941289613585	0	-2.2802733646285733	-2.157203227955899
intercept227	-2.0880161111660214	0.03245922920647905	-64.32734732805181	0	-2.151635031376651	-2.024397190955392
intercept228	-2.1773478950199316	0.030221920243649503	-72.04531933994019	0	-2.2365817702411266	-2.1181140197987367
intercept229	-1.064526344694226	0.028963190536710957	-36.75445712187456	3.284996898382341e-292	-1.1212931550235508	-1.007759534364901
intercept230	-0.1184244051523185	0.03017203504835783	-3.924972411125579	8.684435411479575e-5	-0.17756050718738006	-0.059288303117256934
intercept231	0.13967761108378188	0.045542315790940216	3.0669852566339655	0.002163336521128534	0.050416312360989285	0.22893890980657447
intercept232	1.0674711827237837	0.05129400061208589	20.81083888926118	8.040306917677804e-96	0.9669367889011199	1.1680055765464474
intercept233	0.9445503859745761	0.047254137196843	19.988734151253965	1.418153055731616e-88	0.8519339789482493	1.0371667930009028
intercept234	1.5652501311896074	0.04313296312606881	36.28895438077607	5.3935174015426166e-285	1.4807110769160183	1.6497891854631965
intercept235	2.4892002612603217	0.04570397183681379	54.46354356571068	0	2.399622122509734	2.5787784000109095
intercept236	0.011207904062240568	0.03621329269575417	0.30949696169314755	0.7569446862324489	-0.059768845383045	0.08218465350752613
intercept237	1.1127092808683918	0.03613254244458009	30.7952113409971	1.6894138622235126e-206	1.04189079900715	1.1835277627296337
intercept238	0.48435815233972934	0.034897366038689516	13.879504596499864	9.982042277436067e-44	0.4159605717485867	0.552755732930872
intercept239	0.02276353998490294	0.034498692515280156	0.6598377597881576	0.50936069014713925	-0.04485265485876769	0.09037973482857356
intercept240	-0.7716361370434817	0.0372739703293224	-20.701742535767835	7.64496258011784e-95	-0.8446917764497681	-0.6985804976371952
intercept241	-0.36378231013513906	0.03395901824528064	-10.712391845594498	9.456833252313076e-27	-0.4303407628462277	-0.29722385742405044
intercept242	1.186420970683108	0.036732300256193735	32.299119913761885	9.253832655135426e-227	1.1144269851116568	1.258414956254559
intercept243	0.03415495301957299	0.03568321346910078	0.9571714455916042	0.3384849010635935	-0.03578286023251908	0.10409276627166505
intercept244	1.7621007252120988	0.035890397707815054	49.096717722590334	0	1.6917568383139625	1.8324446121102351
intercept245	-0.4012997706892825	0.03987785814119589	-10.063222785647033	8.41987151647839e-24	-0.47945893642662385	-0.3231406049519412
intercept246	-1.0808948921510078	0.03302369403585256	-32.73088985676531	9.499848928997234e-233	-1.1456201430977488	-1.0161696412042667
intercept247	-0.06609781416534244	0.03636201991538001	-1.8177706936842941	0.06910458278462435	-0.13736606360461542	0.005170435273930546
intercept248	0.10855445446966314	0.03657250354554513	2.968198617698571	0.002996786933814942	0.03687366469593127	0.180235244243395
intercept249	0.42499414042285416	0.033339201929922055	12.747579900568057	3.6268608371125574e-37	0.3596505053668987	0.49033777547880963
intercept250	0.908177836800824	0.03305914740085987	27.471302444333524	4.963485220255511e-165	0.8433830985355377	0.9729725750661102
intercept251	-0.0902231746801754	0.033948149120430836	-2.657675809073104	0.007870410071409427	-0.15676032429801495	-0.023686025062335872
intercept252	0.8387719801166095	0.03702911726706735	22.651687159245075	4.3897064869828306e-113	0.7661962438938472	0.9113477163393717
intercept253	-0.056358498511470054	0.03403505146282612	-1.6558957924017281	0.09774858364490405	-0.12306597359057651	0.010348976567636406
intercept254	0.256785580880016	0.03432358562477616	7.481315725203772	7.466570071332266e-14	0.18951258923517805	0.324058572524854
intercept255	-1.0547603569570934	0.03066272044673805	-34.39878593907673	1.3433028013718205e-256	-1.1148581847007197	-0.9946625292134669
intercept256	-0.9496114975133121	0.030175152479332917	-31.469981739568833	1.786125551805191e-215	-1.008753709600809	-0.890469285425815
intercept257	0.11139867737621974	0.029903910607239754	3.7252210535049572	1.9533755426424444e-4	0.05278808958912454	0.17000926516331494
intercept258	-0.26849343094513106	0.03253489615704932	-8.252475423590885	1.585199549344333e-16	-0.33226065565369833	-0.2047262062365638
intercept259	0.9596027799813124	0.03208298213282023	29.91002444874532	5.222716414000038e-195	0.8967212904843427	1.022484269478282
intercept260	0.9446447108335777	0.030484052804067338	30.988160167060805	4.789205012841724e-209	0.8848970652347885	1.004392356432367
intercept261	0.8464374561971303	0.032714768181925216	25.873252455592326	9.951220715447579e-147	0.7823176887979799	0.9105572235962807
intercept262	2.946754778498179	0.028877595247856554	102.04294205269404	0	2.8901557318522553	3.003353825144103
intercept263	2.5720693024249823	0.02956292113397923	87.00321902454625	0	2.514127041724585	2.6300115631253798
intercept264	2.9457113997069717	0.029225059409436354	100.79402605956187	0	2.8884313358184333	3.00299146359551
intercept265	2.9516701086955837	0.028668841114530896	102.95742673740376	0	2.895480212632602	3.0078600047585655
intercept266	2.996388589321078	0.02997348134065197	99.96798687702594	0	2.937641645402117	3.0551355332400396
intercept267	3.5368524629061566	0.029523998418511145	119.79584921968423	0	3.478986489326257	3.594718436486056
intercept268	3.949275892299244	0.030646076822116945	128.8672581232027	0	3.889210685460447	4.009341099138041
intercept269	4.804627933352007	0.029789533327441414	161.28577378303868	0	4.746241520913967	4.863014345790048
intercept270	3.3939941868988446	0.030666832888568165	110.67312360658023	0	3.3338882989173424	3.4541000748803468
intercept271	0.3913891610196823	0.0681554025472815	5.7425992128527685	9.37199290679018e-9	0.25780702667518113	0.5249712953641834
intercept272	-4.055950371891753	0.06374078439960379	-63.631949466830925	0	-4.180880013661309	-3.931020730122197
intercept273	0.07271002845528686	0.06823357233380926	1.065604891673824	0.28660692792359405	-0.06102531585548791	0.20644537276606162
intercept274	-0.7750519492604719	0.06204737825437614	-12.491292477870463	9.306603370038863e-36	-0.8966625759741829	-0.653441322546761
intercept275	-1.9057980898088211	0.06082997425987238	-31.329917741984254	1.350401551283316e-213	-2.0250226485386693	-1.7865735310789728
intercept276	-1.2010508977935346	0.05304259789075531	-22.64313863863111	5.319939828818889e-113	-1.3050124793058553	-1.0970893162812139
intercept277	-1.938833010537005	0.0632624360842418	-30.64746049227709	1.4726298059380974e-204	-2.062825106836386	-1.814840914237624
intercept278	-2.042372104426726	0.054658366035821276	-37.36613902962674	7.989358325539972e-302	-2.149500533310743	-1.9352436755427087
intercept279	-2.79678320168865	0.06719294904526886	-41.62316495149538	0	-2.9284789618324116	-2.665087441544888
intercept280	-3.8572282526922823	0.05727154987864151	-67.3498143644751	0	-3.969478427793209	-3.7449780775913557
intercept281	0.8385526246913443	0.03050264413149404	27.491145393049287	2.8962537261994094e-165	0.7787685407603739	0.8983367086223146
intercept282	-0.21921155522496347	0.030142347315700823	-7.272544268998537	3.574235105007799e-13	-0.27828947037323465	-0.16013364007669229
intercept283	-0.12281043135437612	0.029371133082436038	-4.1813310712148475	2.902520773190791e-5	-0.18037679438108364	-0.0652440683276686
intercept284	-0.6864948004661354	0.03297758929989648	-20.81700982516301	7.076142911981544e-96	-0.751129687790886	-0.6218599131413849
intercept285	-0.873412209617467	0.03149709068341413	-27.72993284987404	4.3018726183117145e-168	-0.9351453729747508	-0.8116790462601833
intercept286	-1.1975371488013642	0.03223785910232064	-37.14691924797077	2.3195346941669163e-298	-1.2607221915805893	-1.134352106022139
intercept287	-2.1144651558324346	0.031793807557190475	-66.50556565233497	0	-2.176779873575925	-2.052150438088944
intercept288	-2.043541225195243	0.03261951736466537	-62.64780690498138	0	-2.107474304423066	-1.9796081459674202
intercept289	-1.0513006862213015	0.030901077252501245	-34.02148985392428	4.193254468772049e-251	-1.1118656847196937	-0.9907356877229091
intercept290	2.952613657263415	0.031937670952257524	92.44924783892887	0	2.8900169724468996	3.0152103420799308
intercept291	3.143707137074721	0.0326681411146302	96.23158924297758	0	3.0796787570481734	3.2077355171012685
intercept292	4.122183862696672	0.032053499500662615	128.60323917553706	0	4.059360158096901	4.185007567296443
intercept293	2.945140734492112	0.03049810293230067	96.56799772201244	0	2.885365551148007	3.004915917836217
intercept294	1.0647608548248684	0.03351379759418517	31.770820714439424	1.5479718654442343e-219	0.9990750185551004	1.1304466910946365
intercept295	-0.9994216089562223	0.035948100857212326	-27.801791614137713	5.996856503404078e-169	-1.069878591948972	-0.9289646259634727
intercept296	-0.04741024027805759	0.03235535988285612	-1.465297881083946	0.1428453356295356	-0.11082558035528767	0.016005099799172494
intercept297	0.06750030610114928	0.032151224272243116	2.0994630104777636	0.03578061423510498	0.00448506446868277	0.1305155477336158
intercept298	-0.10040040785511649	0.03536895102680969	-2.8386594722306837	0.004531993779731579	-0.16972227803862444	-0.03107853767160855
intercept299	-1.0013757952498077	0.03227049548520784	-31.030691664118343	1.3081689099153194e-209	-1.0646248041640773	-0.9381267863355379
intercept300	-1.055556567783218	0.03361470398162207	-31.40163210600679	1.4778540988885972e-214	-1.1214401769381723	-0.9896729586282635
intercept301	-1.6331529586080644	0.03570752775602593	-45.736937313798116	0	-1.7031384269868395	-1.5631674902292894
intercept302	-2.0035571317033654	0.032725798059616784	-61.22255989154102	0	-2.067698517265545	-1.9394157461411856
intercept303	0.8699875347471812	0.06828220312645845	12.74105835653789	3.942209886700907e-37	0.7361568758342744	1.003818193660088
intercept304	2.0074945952439895	0.06392129684495072	31.40572382493153	1.3024071697114774e-214	1.8822111555827923	2.132778034905187
slope1	-0.06756566367049952	0.005234218526748271	-12.908452966803107	4.5769018950372575e-38	-0.07782454347013842	-0.057306783870860606
slope2	-0.1132887104818457	0.0054421796475282	-20.81678992961959	7.108430293901488e-96	-0.12395518658839785	-0.10262223437529355
slope3	0.011602610823448694	0.005244179176795279	2.2124741417662728	0.02693798081434091	0.0013242085084550406	0.021881013138442346
slope4	-0.020523667990933716	0.005840412886002686	-3.5140782666447046	4.4163428902807924e-4	-0.03197066690234261	-0.009076669079524818
slope5	0.020785765989642994	0.005560265049495836	3.738268914271936	1.8547777509330494e-4	0.009887846748134336	0.03168368523115165
slope6	0.0034866022627742343	0.005338227986322715	0.6531385080793468	0.5136696973238204	-0.0069761323316820615	0.013949336857230531
slope7	-0.06324920147966495	0.005892756226219151	-10.733381638671018	7.539919307264531e-27	-0.07479879145272865	-0.051699611506601253
slope8	0.015767515442167496	0.006254009599130231	2.521185040131749	0.011698813250497566	0.003509881868904465	0.028025149015430528
slope9	0.11127419262899362	0.0056485135938821596	19.69972998728611	4.2767164000214525e-86	0.10020330941879968	0.12234507583918755
slope10	0.002647662152144447	0.005343531305859681	0.4954892187570864	0.620256794496678	-0.00782546675760281	0.013120791061891703
slope11	0.053280036905256734	0.005834789901588249	9.131440515236672	6.979669182192274e-20	0.041844058840785764	0.0647160149697277
slope12	0.01121826800533404	0.005810284520048141	1.9307605275827513	0.05351776695759915	-1.6968039389090618e-4	0.02260621640455899
slope13	0.012141826882475138	0.005848452322827693	2.076075209689772	0.03789159290413434	6.790709644332402e-4	0.023604582800517034
slope14	0.0978639018552825	0.005721474913041415	17.104663280479215	2.0178465075174722e-65	0.0866500170872719	0.10907778662329311
slope15	-0.10792971189510174	0.0059694989805222426	-18.080196051170024	7.398425771173288e-73	-0.1196297149026739	-0.09622970888752957
slope16	-0.09918320733456994	0.005989362655872111	-16.559893436629423	1.9093221611277984e-61	-0.11092214243042844	-0.08744427223871143
slope17	0.09039433305510085	0.005959005048439614	15.169366751714854	7.173594141375242e-52	0.07871489777646684	0.10207376833373485
slope18	-0.11104128216918328	0.006236019234789461	-17.80643676493282	9.924009375230775e-71	-0.12326365527626965	-0.09881890906209692
slope19	-0.01851883565020591	0.005936009306299542	-3.119745050020886	0.001811004265754825	-0.0301532001024476	-0.006884471197964221
slope20	0.023432968921121147	0.0055090281438465215	4.253557671019583	2.107452054666137e-5	0.012635472169364422	0.03423046567287787
slope21	-0.009532190484661533	0.006727881943931795	-1.4168189281708605	0.1565414935274842	-0.022718596787005177	0.00365421581768211
slope22	-0.1049872923443827	0.006704922709761343	-15.658240503136188	3.83281816220245e-55	-0.11812869937463963	-0.09184588531412577
slope23	-0.11010153391728768	0.00617560769394968	-17.828453388507096	6.710608702909773e-71	-0.12220550258007751	-0.09799756525449785
slope24	-0.03547289732221784	0.005148693413288417	-6.889689184185016	5.650909761560265e-12	-0.045564150979701734	-0.025381643664733944
slope25	0.08216270586622264	0.005224341041593631	15.72690320407562	1.3054526768911054e-55	0.07192318558174465	0.09240222615070062
slope26	0.014707935894351083	0.005033349987205191	2.922096800687167	0.003478237967747536	0.0048427511978437685	0.024573120590858397
slope27	0.014483598984238762	0.0051460436173403745	2.814511508498311	0.004886864042583792	0.004397538831379411	0.02456965913709811
slope28	0.017626444535324238	0.005597574674656391	3.14894316910676	0.0016394898837202758	0.006655399772224204	0.02859748929842427
slope29	0.012300921327945483	0.005250129137445133	2.342975002312319	0.019134180716119404	0.002010857304368686	0.022590985351522277
slope30	0.00872764910013375	0.005216286024150766	1.6731538607595142	0.09430265285205736	-0.0014960836402613791	0.01895138184052888
slope31	0.03163127854170364	0.0053083036142879195	5.958829946456785	2.5557910972859136e-9	0.02122719463869552	0.04203536244471176
slope32	0.05144387748910706	0.00514709768995213	9.99473501144788	1.6825577828735578e-23	0.04135575139189158	0.06153200358632254
slope33	0.023603444196449497	0.0050560976720504325	4.668312546042537	3.0439345135050437e-6	0.013693674856913841	0.03351321353598515
slope34	-0.0630788464964368	0.005611011696436861	-11.241973802423814	2.728705193041779e-29	-0.07407622733828603	-0.052081465654587565
slope35	-0.10688768300010468	0.005824838400729895	-18.350325905472477	5.4770890450504375e-75	-0.11830415648130116	-0.0954712095189082
slope36	0.0516321140187688	0.005409886076799632	9.544029816116426	1.4273616096226904e-21	0.041028932147776837	0.06223529588976076
slope37	0.04858046274588028	0.005884979105419334	8.25499324222642	1.5521764096653542e-16	0.03704611564948764	0.060114809842272916
slope38	0.011165763595384256	0.005788161841769478	1.9290690033592446	0.053727394685922414	-1.7882515117294447e-4	0.02251035234194146
slope39	0.009757062083191125	0.005890646457764152	1.6563652483898184	0.09765353358090124	-0.0017883928196850557	0.021302516986067305
slope40	2.61149710780813e-4	0.006031246533573804	0.04329945879795918	0.9654629785798365	-0.011559876276905886	0.012082175698467512
slope41	0.00960662841080707	0.005951662743726584	1.6141083297996082	0.10650962226501208	-0.0020584162150258725	0.021271673036640012
slope42	0.017418492162422035	0.006209707064743241	2.805042489253437	0.005032745880747378	0.005247689960981352	0.02958929436386272
slope43	0.007160767944703278	0.005977589301195401	1.1979357536777013	0.2309471508942928	-0.004555091800011655	0.01887662768941821
slope44	-0.04821770139117084	0.006669525704577943	-7.229554772998978	4.908121511177093e-13	-0.06128973156610773	-0.03514567121623395
slope45	-0.07090475904949213	0.006806051330145198	-10.417899544107533	2.168442755463024e-25	-0.08424437453350764	-0.057565143565476616
slope46	-0.025870144526537044	0.007876380644195578	-3.284521875615775	0.001022188775683528	-0.04130756691768876	-0.010432722135385326
slope47	-0.07431561019236543	0.007209249625970862	-10.308369670630933	6.802212940351084e-25	-0.08844547981482717	-0.060185740569903695
slope48	-0.04438698741517384	0.006975762308221474	-6.36303036914838	1.9935060801187198e-10	-0.058059230303999926	-0.03071474452634776
slope49	0.13802372192250836	0.007260171148043897	19.011083775855063	2.4901946898144266e-80	0.12379404795074551	0.15225339589427123
slope50	0.016427458426172034	0.007966431341872603	2.0620849814931774	0.03920429516657476	8.135399107906411e-4	0.03204137694155343
slope51	-0.0024232324294204714	0.007642994715999479	-0.3170527416887772	0.7512047768851706	-0.017403226806809384	0.012556761947968443
slope52	0.02248184866459137	0.007051405204358383	3.188279217126202	0.0014320173744375463	0.008661348423650643	0.0363023489055321
slope53	-0.0358546041606673	0.007898729617845423	-4.539287441826315	5.656312279194583e-6	-0.05133582973526415	-0.020373378586070447
slope54	0.0026251414651109637	0.005668067222603775	0.46314578885764096	0.6432616890960999	-0.008484066153144405	0.013734349083366335
slope55	0.009927409101698002	0.006251540781659786	1.5879939759526405	0.11229340425112126	-0.002325385678238553	0.02218020388163456
slope56	0.010776364543338125	0.006293165623993557	1.7123916939754067	0.08683010102725773	-0.0015580134284347812	0.02311074251511103
slope57	-0.09823980651158691	0.005799451938767441	-16.939498343780713	3.33964643841478e-64	-0.10960652344164208	-0.08687308958153174
slope58	0.0668961589847668	0.004719087107907139	14.17565674358456	1.5572802808221333e-45	0.057646918213361514	0.07614539975617207
slope59	0.02300612874709328	0.004640573504406508	4.957604642022706	7.157784677954763e-7	0.0139107718108457	0.03210148568334086
slope60	0.012051726305418417	0.004851317130793682	2.484217374477586	0.012986582095235297	0.0025433194514806103	0.021560133159356225
slope61	0.016849483176015034	0.005118607277502204	3.291810108205313	9.960700111321245e-4	0.006817197261106099	0.02688176909092397
slope62	0.041037935152761613	0.004932978427923484	8.319098847151528	9.062442758652937e-17	0.03136947509751857	0.050706395208004656
slope63	-0.041733448671892055	0.005004401686202941	-8.339348295511636	7.63944334906884e-17	-0.05154189574102133	-0.03192500160276278
slope64	0.08311020672220143	0.004741439853484563	17.52847432222985	1.331277676244494e-68	0.07381715537450882	0.09240325806989404
slope65	-0.007043049955968723	0.004829287700325926	-1.4584034733514406	0.14473502907551916	-0.016508279919589797	0.002422180007652353
slope66	0.04116361483761468	0.004685647837064732	8.785042382400025	1.606680163866051e-18	0.0319799138327298	0.05034731584249956
slope67	0.01676609592177343	0.00468118280203605	3.5815939327302333	3.417963907581175e-4	0.007591146224734479	0.02594104561881238
slope68	0.10184062207940925	0.011408156849431231	8.927000515818351	4.507419112461373e-19	0.0794810455245401	0.12420019863427839
slope69	-0.08710450968611794	0.011995227905709765	-7.2615968925989245	3.8755343511636765e-13	-0.11061472436765889	-0.06359429500457699
slope70	-0.003811271512067573	0.013697384202963823	-0.27824812793401055	0.780822929928762	-0.030657651232284533	0.023035108208149385
slope71	-0.09157494589243717	0.0139948612599108	-6.543469362912487	6.062971475937705e-11	-0.11900436993049718	-0.06414552185437716
slope72	0.13446322946473988	0.013556000655762686	9.919092871065867	3.5950944045233924e-23	0.10789395640504366	0.1610325025244361
slope73	0.015491330851464471	0.015286388666757265	1.0134068411562036	0.31087029595172705	-0.014469440389061018	0.04545210209198996
slope74	0.12526080125772857	0.012732469602408866	9.837903028178475	8.070687227000248e-23	0.10030561940275617	0.15021598311270096
slope75	0.1312958519635188	0.013662012528618664	9.610286309464675	7.524380642569805e-22	0.10451879945109124	0.15807290447594638
slope76	-0.11226046519664187	0.011960850369902588	-9.385659190179815	6.479958912243034e-21	-0.13570330114612353	-0.08881762924716022
slope77	0.09942553891168357	0.011632065260761945	8.547539640021828	1.2888520024539765e-17	0.07662710993477065	0.12222396788859649
slope78	0.10984304085375199	0.004706788118489911	23.337154358457326	7.063657192199046e-120	0.10061790565865072	0.11906817604885325
slope79	0.010586946147537461	0.004593673661054033	2.30467963740991	0.021188198768228486	0.0015835112151413033	0.01959038107993362
slope80	0.00879155315717022	0.0044428013508646365	1.9788310263881708	0.047839974664479076	8.382251900963464e-5	0.017499283795330806
slope81	-0.001414074879896504	0.004852525567967351	-0.29141008328346396	0.7707387939789376	-0.01092485022717228	0.008096700467379273
slope82	0.0192617285500155	0.004543496369280463	4.239406612107827	2.2447370855703274e-5	0.010356639302337297	0.028166817797693706
slope83	0.02068243378669188	0.004509153165464383	4.586766744828874	4.511464669080629e-6	0.011844655981606911	0.029520211591776847
slope84	-0.030546452063697768	0.004696424810767883	-6.5041927198879845	7.877409425863221e-11	-0.039751275548903155	-0.02134162857849238
slope85	-0.10197457264967312	0.004645701618994742	-21.950306113662727	2.4463642139618115e-106	-0.11107998050582224	-0.092869164793524
slope86	0.02519688969259016	0.004695258842481352	5.366453807533665	8.062119412605181e-8	0.01599435146323349	0.03439942792194683
slope87	-0.0879594683413525	0.0048413602952176605	-18.168337611278314	1.504365057580557e-73	-0.09744836015616132	-0.07847057652654368
slope88	0.008763812105866875	0.005536969841435983	1.582781260660439	0.11347703380406077	-0.002088449366832102	0.019616073578565853
slope89	0.012043209274017282	0.005262009157889592	2.2887092957564126	0.022099992097083007	0.001729860838233746	0.022356557709800818
slope90	-0.02836923866411809	0.005606331907811261	-5.060213902889238	4.201216530637994e-7	-0.039357447288805886	-0.01738103003943029
slope91	-0.10490751869315029	0.005378411481326851	-19.505297996885442	1.902052800443844e-84	-0.11544901149058764	-0.09436602589571294
slope92	-0.08535627395346801	0.005383915321363236	-15.853940647018822	1.7580339733138668e-56	-0.09590855407915334	-0.07480399382778267
slope93	0.0110376913468333	0.005982206988137072	1.8450868331238677	0.06503023834521829	-6.872188979791874e-4	0.02276260159164579
slope94	-0.04435361869683701	0.005778357061348193	-7.675818269092656	1.67045509019401e-14	-0.055678990426892165	-0.03302824696678185
slope95	-0.07123930896997331	0.0056526621121751	-12.602789191402948	2.2864037762560984e-36	-0.08231832312661061	-0.060160294813336006
slope96	0.07317378225784185	0.006023373716715286	12.14830520224562	6.468598404000551e-34	0.061368186707654725	0.08497937780802897
slope97	-0.006646797782308866	0.004969241048048708	-1.337588118193399	0.18103622718074233	-0.016386331266982405	0.0030927357023646726
slope98	0.09213198842018981	0.005238895846690306	17.58614622552471	4.847748439554037e-69	0.08186394124192034	0.10240003559845928
slope99	-0.11171109657497769	0.004882452096166098	-22.8801213764489	2.5147896602159055e-115	-0.12128052683970533	-0.10214166631025004
slope100	0.029879754280553263	0.005130260601800618	5.824217637222185	5.769660064438409e-9	0.01982462826971927	0.039934880291387254
slope101	0.1301773397035314	0.005059035517578743	25.73165166585633	3.699587071925588e-145	0.12026181229256812	0.1400928671144947
slope102	0.13319540943598113	0.0049492438573209225	26.912274536434175	1.6571829961564157e-158	0.12349506972492602	0.14289574914703623
slope103	0.012053204985858271	0.005357982004972466	2.2495792211829593	0.024479575409790538	0.0015517532262985315	0.02255465674541801
slope104	-0.09938095100128302	0.00495816594088519	-20.043893686934645	4.725860755965211e-89	-0.10909877767479115	-0.0896631243277749
slope105	0.02869845850287393	0.004816408325854328	5.9584770561959015	2.561311543575951e-9	0.019258471649360592	0.03813844535638727
slope106	0.022431611760954564	0.004997713701248792	4.488374705287644	7.191288535883191e-6	0.012636272901464563	0.03222695062044456
slope107	0.07137217749501006	0.0050201549240846115	14.217126478028813	8.637002814644614e-46	0.06153285464699281	0.081211500343027307
slope108	0.011180776541758202	0.004619006736473909	2.4206019128461946	0.01549802659395106	0.00212768969392145	0.020233863389594955
slope109	-0.0034277923257914	0.004804041836350547	-0.7135225800604948	0.4755254494126123	-0.012843541305262135	0.0059879566536793355
slope110	0.0059147287047674685	0.004655123268841133	1.270584765038866	0.2038817417168762	-0.0032091452457555176	0.015038602655290455
slope111	0.01210400912556935	0.004435789579900697	2.7287158030251564	0.006360151146357284	0.0034100213059659306	0.020797996945172773
slope112	0.10898661321793382	0.004708041213134337	23.149035508416237	5.408885645530043e-118	0.09975902200246026	0.11821420443340738
slope113	0.0091599696601746515	0.0045457210900736655	2.0150751616013047	0.04390159202118454	2.505200398661145e-4	0.01806941928048319
slope114	-0.03926453919266813	0.0046296110409531945	-8.481174518839044	2.283371517583756e-17	-0.04833841009536538	-0.030190668289970884
slope115	0.0031351683719626354	0.004664505874995622	0.672133009579622	0.5015018247446662	-0.006007095148704273	0.012277431892629543
slope116	0.010858626643687285	0.00474821170885443	2.286887634651631	0.022206133713005904	0.0015523027033612202	0.020164950584013352
slope117	0.025564248266067204	0.0069184235774828046	3.695097297781887	2.2001391036122582e-4	0.012004387224408154	0.03912410930772625
slope118	0.12535665380724578	0.0075913205585085635	16.513155101419418	4.131482650910341e-61	0.11047793891747051	0.14023536869702105
slope119	0.05086587580978322	0.007068176218720292	7.196464015011866	6.257453685133384e-13	0.03701250498470894	0.0647192466348575
slope120	-0.06849700135294949	0.004869725581690839	-14.065885275031524	7.353034987609085e-45	-0.0780414881076569	-0.058952514598242085
slope121	0.010071844370153557	0.0045789166899213064	2.199612932972286	0.02783848124025335	0.0010973325696984407	0.019046356170608673
slope122	-0.10268717180926067	0.0048105526972257884	-21.346231560560522	1.0769900617398041e-100	-0.11211568184155522	-0.09325866177696611
slope123	0.05456180693059315	0.004982522992152445	10.950638264294794	7.0470795331652915e-28	0.044796241313831614	0.06432737254735468
slope124	0.02300691720404282	0.004705636126470352	4.88922572542813	1.0151603198846128e-6	0.013784039871810365	0.03222979453627527
slope125	0.0333369915806324	0.004659097486873879	7.155246627603958	8.45538395474831e-13	0.02420532830589852	0.04246865485536628
slope126	-0.06610600458922326	0.004859353914625445	-13.60386704706991	4.438278621820919e-42	-0.07563016325002286	-0.05658184592842367
slope127	0.01079742001735728	0.004827125351746077	2.2368219655724535	0.0253019378948301	0.0013364281790747314	0.02025841185563983
slope128	0.12888868293914071	0.0046421938360152815	27.764606022952037	1.6634832442782275e-168	0.11979015021129692	0.1379872156669845
slope129	0.06695513336729664	0.005003159584415374	13.382570001536427	8.847080648470467e-41	0.05714912077293612	0.07676114596165715
slope130	0.10972220199081521	0.004535219287481728	24.19336200427492	1.218212005233523e-128	0.10083333552535963	0.1186110684562708
slope131	0.03397837913228019	0.004663072366079999	7.286693506934364	3.2186883631898607e-13	0.024838925237459418	0.04311783302710096
slope132	-0.015852333851087294	0.00478587419273557	-3.3123172930766525	9.258570031184424e-4	-0.025232474903388716	-0.006472192798785872
slope133	-0.03325139351731194	0.0044916241503893724	-7.402977721194554	1.3504498920811219e-13	-0.04205481508416543	-0.024447971950458454
slope134	-0.08893648498023363	0.004456610196941841	-19.95608344684543	2.7140034395276147e-88	-0.0976712804593736	-0.08020168950109366
slope135	0.0028751134134970403	0.004482787728719092	0.6413672891708777	0.5212867317819767	-0.005910989085130488	0.01166121591212457
slope136	-0.04978293681304325	0.004839100078871893	-10.2876435704237	8.433825789144762e-25	-0.05926739868521709	-0.04029847494086941
slope137	0.008708646513157746	0.004739632392779324	1.8374096958289603	0.06615478547564355	-5.808622766491269e-4	0.01799815530296462
slope138	0.0012200626113820468	0.004649503772984166	0.2624070591083703	0.7930086059760487	-0.007892797329650012	0.010332922552414105
slope139	0.01081668165548765	0.004437686845062877	2.4374594317130978	0.014793995183858679	0.0021189752644972335	0.019514388046478065
slope140	-0.10273541055186694	0.008021250441551577	-12.807904615429822	1.6739167811978184e-37	-0.11845677252828403	-0.08701404857544985
slope141	-0.054406128826740945	0.008755213996722768	-6.214140379333518	5.197231326217648e-10	-0.07156603293725855	-0.03724622471622334
slope142	0.018481112825660728	0.00912837358134585	2.0245789308434445	0.04291540392867843	5.898293687959556e-4	0.036372396282525504
slope143	0.0259306065983002	0.008327200312834423	3.1139645528082545	0.0018468565493809414	0.009609593893094064	0.042251619303506335
slope144	0.004306131008646881	0.008202433885602189	0.524982105153627	0.5995977302839737	-0.01177034399270434	0.020382606009998104
slope145	-0.05764146582259706	0.00895730070633856	-6.435137963137438	1.2436440738858227e-10	-0.07519745260571582	-0.0400854790394783
slope146	-0.09870584446757452	0.008809413053753391	-11.20458807701375	4.1609321419390484e-29	-0.11597197677786818	-0.08143971215728087
slope147	0.009371678121197463	0.006714600787804962	1.395716352671074	0.16280551779580643	-0.0037886975934645333	0.02253205383585946
slope148	0.05619675569541291	0.007643899922997357	7.351843464922917	1.9817823104479048e-13	0.0412149871449096	0.07117852424591622
slope149	0.040610414806763195	0.00852091721671182	4.765967533062662	1.8842518639825308e-6	0.023909723946760754	0.05731110566676564
slope150	-0.02850962734464322	0.0052406613765231085	-5.440081946977043	5.3480834287913375e-8	-0.038781134897798615	-0.018238119791487824
slope151	0.010877188919348076	0.005214887538275684	2.085795492139155	0.03700171280060297	6.561971609009946e-4	0.021098180677795158
slope152	0.012476786613204208	0.006028652074589661	2.069581468433545	0.03849617645354883	6.608456716857957e-4	0.024292727554722622
slope153	0.017867802596283313	0.00528425432318446	3.381329039726386	7.218589304928733e-4	0.007510854437691696	0.02822475075487493
slope154	0.04967490430286279	0.005096631417556312	9.746615015507727	1.9880361150389146e-22	0.0396856902819771	0.05966411832374848
slope155	0.017180250895038864	0.00541519984530174	3.1725977592395878	0.0015116407261132505	0.006566654229160583	0.027793847560917143
slope156	0.08302397051755173	0.0052677694334129456	15.760744954199934	7.664391074683816e-56	0.07269933214920139	0.09334860888590206
slope157	0.017866745254969663	0.0049493990093645475	3.6098817697188594	3.06606435728008e-4	0.00816610145149693	0.027567389058442394
slope158	0.011355194148079681	0.005453981319720056	2.082000924173045	0.037346960450993213	6.655871890741405e-4	0.022044801107085222
slope159	0.01099064016237533	0.005155678781039723	2.1317542517958996	0.03303143838039508	8.856954356801072e-4	0.021095584889070554
slope160	0.014598360838723968	0.004821672085503249	3.027655257315223	0.002465722872780339	0.005148057205875469	0.024048664471572466
slope161	-0.03940130128926298	0.004556783972431037	-8.646734523217358	5.4382133204783364e-18	-0.04833243376055717	-0.030470168817968792
slope162	-0.015919154664000026	0.00472282214398785	-3.3706868856505854	7.503217721875652e-4	-0.02517571597160445	-0.0066625933563956
slope163	-0.1078338845573837	0.004513161295822756	-23.893204228528557	1.559303734538227e-125	-0.11667951815361642	-0.09898825096115098
slope164	0.010773430478355418	0.004578064222426893	2.353272028290656	0.01861248744783537	0.001800589483487344	0.01974627147322349
slope165	0.009579849787625005	0.004711261958210373	2.0333935732293735	0.04201752930353052	3.459460277990267e-4	0.018813753547450983
slope166	-0.08664558156538216	0.004701804105216154	-18.428156432391145	1.314984684819977e-75	-0.09586094827396839	-0.07743021485679592
slope167	-0.04989629170376531	0.010314317789923401	-4.837575564378249	1.3178470436036124e-6	-0.07011198309711594	-0.029680600310414685
slope168	0.009119604571211153	0.009861286635769935	0.9247885096587222	0.3550799540592027	-0.01020816207612407	0.028447371218546375
slope169	0.012682824016553379	0.011874241179056963	1.0680955376687602	0.28548206951104643	-0.010590261038140689	0.03595590907124745
slope170	0.1284418585559437	0.00989876838852908	12.975539331214687	1.9161123650649361e-38	0.10904062902312311	0.14784308808876429
slope171	0.0089418027323002	0.00866242771041492	1.0322513539188771	0.3019588865458254	-0.008036243598794799	0.0259198490633952
slope172	-0.10785174353282959	0.009426499669920478	-11.441335311025309	2.810278001544125e-30	-0.12632734338615242	-0.08937614367950675
slope173	0.024850094035247974	0.005625827153202283	4.41714495638264	1.0020227670965167e-5	0.013823675431724	0.03587651263877195
slope174	-0.07217314616370425	0.005245557487180906	-13.758908626982164	5.299590756493605e-43	-0.08245424991741325	-0.061892042409995254
slope175	-0.09982657653537758	0.005848163059956817	-17.069732070041614	3.6612332362994405e-65	-0.1112887655086105	-0.08836438756214465
slope176	0.1072011995450467	0.00561802943189006	19.081637226129885	6.528881746118163e-81	0.09619006419445617	0.11821233489563723
slope177	0.03771761718169438	0.0056576073802603035	6.666708141199966	2.640489240076458e-11	0.026628910477716178	0.048806323885672576
slope178	0.057285881417320106	0.005416460012409032	10.576258531601633	4.066534189411089e-26	0.046669814869297034	0.06790194796534318
slope179	0.092724046230204707	0.0056954719784254124	16.28030944256168	1.87194036170606e-59	0.08156112627753381	0.1038869661828756
slope180	0.08477028821646013	0.00524521047490335	16.16146551640945	1.2843789090242424e-58	0.07448986459431733	0.09505071183860292
slope181	0.01241238306541226	0.007899599584166528	1.5712673703475906	0.1161262640564002	-0.0030705476118417195	0.02789531374266624
slope182	0.023434584477260035	0.006852269370709572	3.4199742026243953	6.267216362194067e-4	0.010004383298302336	0.03686478565621773
slope183	0.02528481834944993	0.007258504368084782	3.4834749787608854	4.953309958265001e-4	0.011058411206377098	0.03951122549252276
slope184	0.11028905305217511	0.0066689690489431	16.537646560176157	2.7577772729714914e-61	0.0972181139022343	0.12335999220211592
slope185	0.0602879564996856	0.007539421730539514	7.996363468497929	1.3060529408743632e-15	0.04551096144356951	0.0750649515558017
slope186	0.021652042730462135	0.010006324341206484	2.163835789461478	0.03048121133109258	0.0020400074040709468	0.04126407805685332
slope187	-0.11007823408290254	0.005948468840125775	-18.505305657880026	3.178147579844684e-76	-0.1217370187727078	-0.09841944939309728
slope188	-0.04888146503291741	0.005264492934797071	-9.285123114103225	1.671494272630172e-20	-0.05919968158198524	-0.03856324848384958
slope189	-0.026188802103609805	0.0059095121293309336	-4.431635223088182	9.37002017799133e-6	-0.03777123304330104	-0.014606371163918573
slope190	0.09296554992633324	0.005412611178936448	17.175730318134644	5.982494468752147e-66	0.08235702695329893	0.10357407289936756
slope191	0.011673515604432841	0.008028590590619245	1.4539931352424913	0.14595387055750486	-0.0040622327997980375	0.027409264008663718
slope192	0.015069299297725856	0.01160933727211535	1.298032690799762	0.19428150205195377	-0.007684583639998702	0.03782318223545041
slope193	-0.018618126449305036	0.0141377564891461	-1.3169081292069662	0.18787486485089977	-0.04632761999022883	0.009091367091618754
slope194	-0.10582410363698842	0.014594883373181022	-7.250767336136895	4.198088551403203e-13	-0.13442954940698568	-0.07721865786699117
slope195	-0.027938295580132368	0.014882943263961973	-1.877202317083546	0.06049561697977427	-0.05710832836145083	0.0012317372011860922
slope196	-0.02477218043843483	0.011838058823573215	-2.092588050762664	0.03639047933454326	-0.04797434937950493	-0.0015700114973647324
slope197	0.012877243881937377	0.012513012903438625	1.0291081757294969	0.30343333461996597	-0.011647810746887293	0.037402298510762044
slope198	0.012991142980088964	0.013443706751654351	0.9663363847541753	0.3338801006035216	-0.01335803807187152	0.03934032403204945
slope199	-0.033856892907103905	0.013106228493877376	-2.583267407776408	0.009789479473962174	-0.059544628728256194	-0.008169157085951617
slope200	0.05099221613658962	0.011667547492893234	4.370431418226431	1.2422643775257293e-5	0.028124243262608286	0.07386018901057095
slope201	-0.030472468843042357	0.012291670362349561	-2.4791153638794396	0.013173820222421542	-0.05456370006308589	-0.0063812376229988275
slope202	0.03511684288607305	0.0077323542242996235	4.541546063127216	5.596061741906352e-6	0.019961707090739647	0.050271978681406454
slope203	0.006544185326824337	0.00837062255997015	0.7818038957006411	0.4343331701552259	-0.009861933418895623	0.022950304072544295
slope204	0.0144887697578088	0.006866711482938432	2.1100012420514145	0.03486271748611474	0.001030262559021852	0.027947276956595747
slope205	-0.003719761685518877	0.007493064007553547	-0.4964273202216196	0.6195949219721939	-0.01840589727417719	0.010966373903139436
slope206	0.057007227499631996	0.006574154953692544	8.67141524670215	4.3808903357780625e-18	0.044122120561609024	0.06989233443765497
slope207	0.09545758416559177	0.007561952237254358	12.623404799532445	1.7613626400538096e-36	0.08063643012776114	0.1102787382034224
slope208	0.02562110717794261	0.007146495741931561	3.5851287264627563	3.3720120610226896e-4	0.011614232908087899	0.03962798144779732
slope209	0.003714538743505199	0.004810256477640094	0.772212201318535	0.43999204804042125	-0.005713390709069882	0.013142468196080281
slope210	0.012181060916658897	0.004958405557622335	2.456648770476932	0.014027014525173196	0.0024627646029758785	0.021899357230341913
slope211	0.014619180190860911	0.004890264785149866	2.9894455276234893	0.0027960684244242792	0.00503443733710267	0.02420392304461915
slope212	0.06893772931460598	0.00474890667463238	14.51654749983954	1.1645085361070078e-47	0.059630043266384644	0.07824541536282732
slope213	0.010574428789944218	0.0047860951503705335	2.2094063025733117	0.027150465462346215	0.0011938546686361597	0.019955002911252274
slope214	0.009432477077099941	0.0049427309189385244	1.9083533438890117	0.05635072236845493	-2.550975092921303e-4	0.01912005166349201
slope215	0.10286479083341539	0.004884862325384184	21.05786898002807	4.697967445005888e-98	0.09329063660622582	0.11243894506060496
slope216	0.10894064439126319	0.004652007381991274	23.41798613927211	1.0836638348944191e-120	0.09982287746674583	0.11805841131578056
slope217	-0.04448772217073789	0.005267276262151671	-8.446058257928692	3.084887975872387e-17	-0.05481139394117792	-0.03416405040029786
slope218	0.026664881727201176	0.004712209103595843	5.658679642814121	1.5329237809256592e-8	0.017429121596531552	0.0359006418578708
slope219	0.01778538268157932	0.0054594468236455855	3.2577261499367443	0.0011237625621754142	0.007085063531722379	0.028485701831436262
slope220	0.011882268149034038	0.005464786278212716	2.1743335501347714	0.029684309396790363	0.0011714838605284342	0.022593052437539642
slope221	-0.10857612726943415	0.004639135274857392	-23.40438914508088	1.4860568671530135e-120	-0.11766866532756395	-0.09948358921130435
slope222	0.010337753255507022	0.004622890463362738	2.236209864247407	0.025341989470923556	0.0012770544428423753	0.019398452068171666
slope223	-0.11136721528763403	0.004836735899285808	-23.02528349833583	9.213047796988708e-117	-0.12084704345296617	-0.1018873871223019
slope224	-0.0845269797484493	0.0045672261350014525	-18.507290256698102	3.0639056855615875e-76	-0.09347857848230222	-0.07557538101459639
slope225	-0.114016237591109	0.005063390408269842	-22.517765449192037	8.842235363977445e-112	-0.12394030043098345	-0.10409217475123456
slope226	0.031680908961622616	0.0047077370955208135	6.729540821590374	1.718493897143291e-11	0.022453913805718623	0.04090790411752661
slope227	0.014579226757973051	0.004788127301043062	3.0448703305772726	0.0023288981883475474	0.00519466969453568	0.02396378382141042
slope228	0.04473693845825307	0.004598635590988507	9.728306923453479	2.379657232209113e-22	0.03572377832189153	0.05375009859461461
slope229	0.01225783727784346	0.004564592683399683	2.685417545013872	0.007246080331588821	0.0033114000142850427	0.021204274541401877
slope230	-0.06295578919389558	0.004794350362364822	-13.131244993710164	2.4964471627466186e-39	-0.07235254323339718	-0.053559035154393975
slope231	0.10765639214475034	0.0071544613781683265	15.04744892092944	4.5277260819636535e-51	0.09363390551475763	0.12167887877474305
slope232	0.0033730672699250346	0.007278697395074031	0.46341633493484824	0.6430677915007288	-0.010892917478785574	0.017639052018635644
slope233	0.010920947204251297	0.006936775427004262	1.574355018289478	0.11541110328156627	-0.0026748828015195087	0.0245167772100221
slope234	0.0599994057718518	0.0068102541473833555	8.810156636357668	1.2849909105984848e-18	0.0466515529174159	0.07334725862628771
slope235	0.02480825655323561	0.0076341430089879765	3.2496452481998146	0.001156178931339065	0.009845611202790943	0.03977090190368028
slope236	0.11333944570274074	0.005331602912188317	21.258043325702477	6.969920127057132e-100	0.10288969601498277	0.12378919539049871
slope237	-0.07114677278241933	0.0055220512835819965	-12.884120253274515	6.269800200723756e-38	-0.08196979441902322	-0.060323751145815445
slope238	-0.043111840988183436	0.005566267179256668	-7.7451979216600755	9.704536052092273e-15	-0.05402152418785386	-0.032202157788513014
slope239	-0.019204733196332417	0.00523968994009	-3.6652422979063806	2.473349581354569e-4	-0.029474336769065648	-0.008935129623599186
slope240	9.467949855385563e-4	0.005495245672805323	0.1722934772914743	0.8632074409788895	-0.009823688619359451	0.011717278590436564
slope241	0.14363451685911513	0.005367476075592036	26.760159679570098	9.374088317661593e-157	0.13311445706307434	0.15415457665515592
slope242	-0.09183572106381371	0.005976283597104604	-15.366693961495798	3.5255930995086895e-53	-0.10354902167553622	-0.08012242045209121
slope243	-0.021954584794479357	0.005403036193000525	-4.0633791835266395	4.843391478365335e-5	-0.03254434113992679	-0.011364828449031925
slope244	0.02540206468926458	0.005540853798781915	4.58450369054114	4.560582055894453e-6	0.014542190800050087	0.03626193857847908
slope245	-0.06550123171310412	0.005981026137717618	-10.951504006986273	6.980184280606702e-28	-0.07722382753362335	-0.05377863589258489
slope246	0.013531247016944062	0.005087076250881419	2.6599261244805503	0.007818027109533346	0.0035607607786074386	0.023501733255280686
slope247	0.010929445752396124	0.005755486002426237	1.8989613992265455	0.05757473804914949	-3.5109952588370866e-4	0.022209991030675957
slope248	-0.007657961748538469	0.0058202395369559784	-1.3157468348018595	0.18826446992629067	-0.019065421622368267	0.003749498125291328
slope249	0.06306347877283451	0.00513552694726577	12.279845753006988	1.2892031381691297e-34	0.05299803091455867	0.07312892663111034
slope250	-0.07311781554574896	0.00518665140518994	-14.097306688586162	4.721020711147231e-45	-0.0832834655002853	-0.06295216559121262
slope251	0.024005443548247775	0.0050851180248618405	4.720724952868717	2.355788743074437e-6	0.014038795362383115	0.03397209173411243
slope252	0.025566763405905964	0.005819417509813101	4.393354380020601	1.1182170350753954e-5	0.014160914675670523	0.036972612136141406
slope253	0.011002956025032432	0.0049663380221333	2.215506873675524	0.026729340476036246	0.0012691123665992798	0.020736799683465583
slope254	-0.10653937653433668	0.005087782327406802	-20.940238728459686	5.477825008061619e-97	-0.11651124665723338	-0.09656750641143998
slope255	0.010615006372240735	0.004654137503229851	2.2807676749718278	0.022565974890964877	0.0014930644868130592	0.01973694825766841
slope256	0.12357359023415003	0.004734907604301234	26.098416391883685	3.0455194078429116e-149	0.11429334185959478	0.13285383860870528
slope257	-0.008572488529166391	0.004723562085393913	-1.814835578360246	0.06955458286875604	-0.01783050009527737	6.855230369445884e-4
slope258	0.1323628789798131	0.0048353056347853595	27.374252834730836	6.880948694699475e-164	0.12288585408139022	0.141839903878236
slope259	0.010002139595775932	0.004812013181717993	2.078576931953655	0.03766084104449852	5.707670664766747e-4	0.01943351212507519
slope260	0.011030732327846212	0.004660056886700743	2.367081045582647	0.01793242095823185	0.001897188664004906	0.02016427599168752
slope261	0.050184788100137066	0.005013824066289527	10.00928381942134	1.453007709542667e-23	0.04035787350538943	0.060011702694884705
slope262	0.009205636199446235	0.004486712627753261	2.0517552522760956	0.04019814113053377	4.118410400687795e-4	0.01799943135882369
slope263	0.0587262134677551	0.004596048429501376	12.777544529513648	2.4713125160630105e-37	0.04971812407473053	0.06773430286077967
slope264	0.01046865937685784	0.0044507527425281445	2.352109852526062	0.018670738635695936	0.0017453442974098062	0.019191974456305876
slope265	-0.010876007199767935	0.004475093078508981	-2.430342120032869	0.01508772730844274	-0.01964702846111001	-0.002104985938425858
slope266	0.017681995757956682	0.0047325582331698085	3.7362447299699686	1.869760850669753e-4	0.008406352066205349	0.026957639449708016
slope267	0.06273311309295626	0.004630623232764542	13.547444898794708	9.56197894477929e-42	0.053657258330763326	0.0718089678551492
slope268	0.01318550860241278	0.004623064863303096	2.8521141260804144	0.004344555892374947	0.0041244679721461255	0.022246549232679436
slope269	-0.06728405073095427	0.004628748869512832	-14.536120370262344	8.761003889104864e-48	-0.07635623180867991	-0.05821186965322863
slope270	-0.04468102741642092	0.004578266599065612	-9.75937649099333	1.7535070153044939e-22	-0.05365426506221219	-0.03570778977062964
slope271	-0.0557485364353213	0.011649639001476144	-4.785430383573029	1.7105995072777016e-6	-0.0785814093111077	-0.0329156635595349
slope272	0.011615905808702493	0.008783566819935314	1.322458865154741	0.1860208540073939	-0.005599568814171733	0.02883138043157672
slope273	-0.036075950915850884	0.012183880236189978	-2.9609574467659243	0.0030681418990350564	-0.0599559173707326	-0.012195984460969166
slope274	-0.09207085591904293	0.009544686266488911	-9.646294634355952	5.303525165823598e-22	-0.11077809724509527	-0.0733636145929906
slope275	0.1044705831946105	0.009093471429032109	11.488526027703168	1.6314658924817918e-30	0.0866477066992636	0.1222934596899574
slope276	-0.08995624927069858	0.00822447036067555	-10.937634318778148	8.131862632134051e-28	-0.1060759149695398	-0.07383658357185735
slope277	0.0037890999488053704	0.009375104388443368	0.4041661609097569	0.6860920948271592	-0.014585767003847035	0.022163966901457777
slope278	-0.0954907130989114	0.008409925165315812	-11.354525899080995	7.598138210471391e-30	-0.11197386353560744	-0.07900756266221536
slope279	-0.11182770964822487	0.010802938200913319	-10.35160134848967	4.338034267947968e-25	-0.1330010794492269	-0.09065433984722285
slope280	-0.01453831835106907	0.009638775142262048	-1.5083159567987583	0.13147937983283234	-0.03342997048498261	0.004353333782844476
slope281	0.023880506336862395	0.004766066073964468	5.0105277531325365	5.444756533445114e-7	0.014539188483953826	0.03322182418977096
slope282	0.00887186216422525	0.004583763645159539	1.935497301130251	0.05293437821328184	-1.1214949393148141e-4	0.01785587382238198
slope283	-0.008375161482219616	0.004598525384210009	-1.821271121167988	0.06857104115648596	-0.01738810561726445	6.377826528252157e-4
slope284	-0.030235476519013368	0.005168495277398413	-5.849957269233018	4.944527259450794e-9	-0.04036554111697961	-0.020105411921047124
slope285	-0.06514732898062929	0.004785233509546755	-13.614242408579948	3.852745704896183e-42	-0.07452621431695514	-0.055768443644303445
slope286	-0.07614926538256284	0.004837410242029504	-15.741742290315841	1.0337298678933965e-55	-0.08563041523538585	-0.06666811552973982
slope287	0.016836833023186316	0.005066427208737653	3.3232162092744972	8.90435068506179e-4	0.0069068181637667245	0.02676684788260591
slope288	0.1238722040373658	0.005035949815794012	24.59758507697421	6.941406655593933e-133	0.11400192377045842	0.13374248430427318
slope289	0.009864716645860604	0.004802998998754504	2.0538660633530603	0.03999333607924024	4.5101159051983905e-4	0.019278421701201368
slope290	0.009750624801471357	0.0047930995865256305	2.0343046551509865	0.0419256380539709	3.563222375673001e-4	0.019144927365375417
slope291	0.10417293441360681	0.005066019739057768	20.56307313815994	1.3162621585576525e-93	0.09424371818008459	0.11410215064712903
slope292	-0.11132009527062402	0.005173604077600111	-21.516933572980765	2.8380673712972226e-102	-0.1214601729329898	-0.10118001760825823
slope293	0.009769730447804036	0.004983642763856666	1.9603593015651035	0.04995880999058795	1.970118831318493e-6	0.01953749077677675
slope294	-0.15188784759569812	0.00500265120551991	-30.361470619439856	7.912500751734404e-201	-0.16169286378573303	-0.14208283140566322
slope295	0.10423889461560712	0.005357121907639957	19.45800308687185	4.760963408256182e-84	0.0937391286158423	0.11473866061537194
slope296	0.00952860891375108	0.005025937514193797	1.895886864259901	0.057980201571161655	-3.220476026175277e-4	0.019379265430119686
slope297	-0.11265417524174504	0.005229198050985235	-21.543298636493567	1.6144241648875627e-102	-0.12290321508970314	-0.10240513539378693
slope298	-0.0517229103486084	0.005389971477115157	-9.596138044183446	8.629893292665627e-22	-0.062287060321452266	-0.04115876037576454
slope299	0.0030749894619789124	0.00509172471224031	0.6039190325012577	0.5458999456049718	-0.006904607593204664	0.013054586517162488
slope300	0.0100907758161061	0.005246693678084127	1.9232637609960164	0.054452048999180935	-1.9255483085277476e-4	0.020374106463064978
slope301	-0.04184074191295274	0.005156789781276375	-8.113718745113669	5.009137743677708e-16	-0.05194786416009862	-0.031733619665806866
slope302	-0.006955512908211006	0.005274838242064979	-1.318621081636824	0.1873012695399283	-0.017294005886932935	0.0033829800705109216
slope303	0.12824752186604876	0.00947490110154319	13.535499789560962	1.1244573228947137e-41	0.10967705694994523	0.1468179867821523
slope304	0.015110439297116859	0.010352339222574301	1.4596159353208837	0.14440132351777837	-0.00517977273487015	0.03540065132910387
